ID,ideology,leadership,name,party,description,introduced_bills_116,cosponsored_bills_116,unique_cosponsors_116,total_cosponsors_116
400064,0.1965847348592875,0.9137203480005132,Cardin,Democrat,moderate Democratic leader,39,242,85,287
300065,0.1905138568676192,0.4371010926291037,Leahy,Democrat,rank-and-file Democrat,6,212,68,110
300089,0.6842712314670936,0.0036686064960193042,Shelby,Republican,centrist Republican follower ,4,17,0,0
400272,0.21493105708072285,0.8599046075489796,Menendez,Democrat,moderate Democratic leader,76,198,80,645
412490,0.06094104905763689,0.6434335712266864,Blumenthal,Democrat,progressive Democrat,44,451,56,226
412598,0.14764642388885357,0.606817497880652,Booker,Democrat,rank-and-file Democrat,36,304,70,214
300019,0.33402792626520283,0.5233826194472183,Carper,Democrat,centrist Democrat,13,149,62,161
412390,0.3745840446518484,0.6625680179251404,Coons,Democrat,centrist Democratic leader,24,256,90,315
412223,0.015640533404288153,0.6359242565377132,Gillibrand,Democrat,progressive Democrat,33,301,79,304
412507,0.20241085497331418,0.5872274824995581,Schatz,Democrat,rank-and-file Democrat,30,151,55,250
300087,0.2530022429058318,0.36438058190000383,Schumer,Democrat,rank-and-file Democrat,14,103,50,101
412542,0.1030833179459894,0.6499704016165727,Warren,Democrat,progressive Democrat,31,309,75,307
400061,0.7431001206966116,0.362387992781237,Capito,Republican,rank-and-file Republican,10,162,40,57
300002,0.6885421387887869,0.6134903342688607,Alexander,Republican,centrist Republican,10,59,39,52
412251,0.9175902038062457,0.5927828383518884,Barrasso,Republican,conservative Republican,23,90,64,159
400034,0.8556654696673022,0.7016903328809152,Blunt,Republican,moderate Republican leader,17,122,69,128
400040,0.8980504433623935,0.5099083208774079,Boozman,Republican,conservative Republican,13,148,64,103
412269,0.7906288688213838,0.5597197797269267,Cassidy,Republican,rank-and-file Republican,21,104,73,148
300027,0.8788972758758088,0.9944749040850147,Cornyn,Republican,moderate Republican leader,42,125,93,365
412508,0.9166986627259127,0.34802357100589904,Cotton,Republican,conservative Republican,26,99,43,100
300030,0.844972629539619,0.5735137133755221,Crapo,Republican,rank-and-file Republican,13,101,76,146
412573,0.9147640930979735,0.6185304628289726,Cruz,Republican,conservative Republican,26,101,82,188
412549,0.889931741160983,0.5057575729091353,Daines,Republican,rank-and-file Republican,33,127,76,160
300041,0.9174158063531649,0.4580952983064227,Enzi,Republican,conservative Republican,19,78,52,80
412667,0.888790452494568,0.472280480201823,Ernst,Republican,rank-and-file Republican,19,148,52,101
412556,0.8642749948009883,0.3830955764258783,Fischer,Republican,rank-and-file Republican,8,91,18,22
300047,0.7061845223487134,0.6054886869491688,Graham,Republican,rank-and-file Republican,16,76,99,191
300048,0.776448367807018,1.0,Grassley,Republican,moderate Republican leader,33,93,99,290
412494,0.8332343245528254,0.4479129869553424,Hoeven,Republican,rank-and-file Republican,19,100,37,74
300055,1.0,0.4522341160369088,Inhofe,Republican,conservative Republican,13,105,30,41
400194,0.8125462354377516,0.6455029026841437,Isakson,Republican,moderate Republican leader,15,98,60,92
412496,0.8243025723769334,0.5965403102383229,Johnson,Republican,rank-and-file Republican,19,59,77,156
412464,0.9126713121237102,0.34216566225825373,Lankford,Republican,conservative Republican,17,99,44,73
412495,0.8038127273361455,0.6587285474401608,Lee,Republican,moderate Republican leader,30,80,69,204
412391,0.6302501983672227,0.42233218825295915,Manchin,Democrat,centrist Democrat,24,112,63,161
300072,0.7444401915476063,0.8511291542141963,McConnell,Republican,moderate Republican leader,21,24,4,10
400284,0.831664805812327,0.5151945610734845,Moran,Republican,rank-and-file Republican,15,120,65,96
300075,0.5712682114437698,0.5541312989024054,Murkowski,Republican,centrist Republican,18,142,90,225
412492,0.7055574360393556,0.4755217293623111,Paul,Republican,rank-and-file Republican,25,74,46,91
412666,0.90522684007493,0.28097731475549786,Perdue,Republican,lonley conservative Republican follower,13,90,38,62
412322,0.9131562528618974,0.38409751870507747,Risch,Republican,conservative Republican,11,108,41,69
300083,0.9341476083766138,0.515940359032626,Roberts,Republican,conservative Republican,12,107,45,74
412669,0.9234534403706613,0.2241682140653439,Rounds,Republican,lonley conservative Republican follower,13,127,28,39
412491,0.8260779184725735,0.8751964477149079,Rubio,Republican,moderate Republican leader,69,176,87,314
412671,0.773304703062238,0.3738649429977128,Sasse,Republican,rank-and-file Republican,8,43,55,139
412471,0.8327306870552682,0.5780723651692179,Scott [SC],Republican,rank-and-file Republican,14,87,67,129
412665,0.737652521574595,0.3766637173758002,Sullivan,Republican,rank-and-file Republican,23,118,52,80
400546,0.8614449027139164,0.7121430206025334,Thune,Republican,moderate Republican leader,18,57,94,232
412668,0.8439440728419845,0.29190441855231203,Tillis,Republican,rank-and-file Republican,14,153,44,59
400408,0.7500862219138636,0.6296992999354538,Toomey,Republican,moderate Republican leader,15,54,84,183
400432,0.8418820280517407,0.6064786905764867,Wicker,Republican,rank-and-file Republican,26,120,67,96
400357,0.0,0.24299557463746063,Sanders,Independent,lonely left-leaning Independent,19,220,40,152
400054,0.7032812548916146,0.4445725812304667,Burr,Republican,rank-and-file Republican,18,54,42,69
412406,0.7598948935542056,0.4333160239047543,Gardner,Republican,rank-and-file Republican,40,155,63,126
300025,0.5112103577662437,0.7593227033697261,Collins,Republican,centrist Republican leader,34,224,82,297
400325,0.6545745447708369,0.7458329277999407,Portman,Republican,centrist Republican leader,40,107,84,219
400013,0.21928774815462454,0.6495009545877989,Baldwin,Democrat,rank-and-file Democrat,32,269,76,314
400050,0.11710403682188714,0.7937374145640371,Brown,Democrat,moderate Democratic leader,33,268,68,372
300038,0.11402916081091866,0.5004475964084187,Durbin,Democrat,progressive Democrat,42,265,54,237
412281,0.2970866981396369,0.3026358314379863,Heinrich,Democrat,moderate Democratic follower,22,134,68,144
412200,0.10599934845804697,0.5577097476329689,Hirono,Democrat,progressive Democrat,18,239,53,252
412582,0.2589420627167975,0.5112690681248842,Kaine,Democrat,rank-and-file Democrat,21,196,73,158
412242,0.23522518075648213,0.7014568732468138,Klobuchar,Democrat,moderate Democratic leader,65,398,81,347
400253,0.05889587653579095,0.6188499005506164,Markey,Democrat,progressive Democrat,47,316,62,399
412325,0.03522861963463127,0.5110912738528839,Merkley,Democrat,progressive Democrat,58,318,62,287
412194,0.1575282497645353,0.39237532036168876,Murphy,Democrat,rank-and-file Democrat,14,210,62,150
412305,0.37213198905284245,0.4143148010608157,Peters,Democrat,centrist Democrat,33,213,74,122
300081,0.08975255390223931,0.4698705851184594,Reed,Democrat,progressive Democrat,13,197,57,95
412323,0.3022219514563226,0.7013277184840383,Shaheen,Democrat,moderate Democratic leader,34,250,92,387
300093,0.23255220423106981,0.47515697825869346,Stabenow,Democrat,rank-and-file Democrat,23,211,69,132
400413,0.3061349602813211,0.5210516132545892,Udall,Democrat,rank-and-file Democrat,34,155,58,271
412321,0.45340008206441557,0.4995523625773873,Warner,Democrat,centrist Democrat,28,114,60,130
412247,0.13228617189908115,0.5025002332682813,Whitehouse,Democrat,rank-and-file Democrat,28,229,69,210
300100,0.168109664634228,0.7919195215751553,Wyden,Democrat,moderate Democratic leader,51,273,84,310
412330,0.36775658046261156,0.330850480290448,Bennet,Democrat,centrist Democratic follower,16,191,57,98
300018,0.2720244267639419,0.4881027351494974,Cantwell,Democrat,rank-and-file Democrat,8,134,64,89
412246,0.28601028725260086,0.6908323292837871,Casey,Democrat,moderate Democratic leader,54,213,66,229
300043,0.15899502520974593,0.7858593558667948,Feinstein,Democrat,moderate Democratic leader,35,272,62,306
412545,0.47620686157512254,0.1890154121379993,King,Independent,lonely centrist Independent,9,214,18,25
300076,0.16854307738362984,0.6589870725022124,Murray,Democrat,rank-and-file Democrat,27,180,55,513
412244,0.525671124572564,0.6482464163554038,Tester,Democrat,centrist Democrat,47,176,67,272
412679,0.7387762503244769,0.230396746262678,Kennedy,Republican,moderate Republican follower,23,91,28,36
412428,0.6396813796595505,0.46122017321638037,Young,Republican,centrist Republican,22,142,99,186
412742,0.17406977361943665,0.24249293277481154,Smith,Democrat,moderate Democratic follower,17,290,58,132
400415,0.16118012268400847,0.30468557203317226,Van Hollen,Democrat,moderate Democratic follower,20,301,59,139
412681,0.2270640769183034,0.2760983840014495,Cortez Masto,Democrat,moderate Democratic follower,31,197,58,168
412533,0.21370448233202316,0.3864431566038578,Duckworth,Democrat,rank-and-file Democrat,37,260,57,199
412678,0.04902144237557284,0.4422953287411424,Harris,Democrat,progressive Democrat,35,322,63,278
412680,0.2678685749465972,0.14388342590404815,Hassan,Democrat,moderate Democratic follower,11,271,44,53
412741,0.5193826788830623,0.2638605782501165,Jones,Democrat,centrist Democratic follower,18,193,81,123
412743,0.7278216632903097,0.08588663506146889,Hyde-Smith,Republican,moderate Republican follower,8,115,29,42
400032,0.7310658925308704,0.29521361760530923,Blackburn,Republican,rank-and-file Republican,14,147,86,155
412555,0.6923444391767914,0.049498729906126256,Cramer,Republican,moderate Republican follower,8,198,26,33
412715,0.3049244736261721,0.005114530939451792,Rosen,Democrat,moderate Democratic follower,5,180,13,16
412509,0.5133864190819452,0.06818071503431164,Sinema,Democrat,centrist Democratic follower,6,179,36,39
412838,0.601898362965808,0.0,Scott [FL],Republican,centrist Republican follower ,8,66,8,12
412839,0.6519829686113252,0.04887741437282883,Braun,Republican,centrist Republican follower ,16,119,27,36
412611,0.5842508788000782,0.054558756717773604,McSally,Republican,centrist Republican follower ,23,108,26,47
412841,0.5797748638003754,0.005380320228819499,Romney,Republican,centrist Republican follower ,4,48,10,11
412840,0.6117581390311764,0.07587037762328472,Hawley,Republican,centrist Republican follower ,14,82,30,48
